{
    "data":{
        "attributes":{
            "normal":{
                "itemSize":3,
                "array":[-7.47625e-16,-1,8.27842e-08,-7.47625e-16,-1,8.27842e-08,-7.47625e-16,-1,8.27842e-08,4.11194e-15,1,-8.27842e-08,4.11194e-15,1,-8.27842e-08,4.11194e-15,1,-8.27842e-08,1,3.15554e-06,5.29819e-06,1,3.15554e-06,5.29819e-06,1,3.15554e-06,5.29819e-06,-4.96705e-08,8.76538e-08,1,-4.96705e-08,8.76538e-08,1,-4.96705e-08,8.76538e-08,1,-1,-1.05185e-06,-1.98682e-06,-1,-1.05185e-06,-1.98682e-06,-1,-1.05185e-06,-1.98682e-06,2.25775e-08,1.75308e-07,-1,2.25775e-08,1.75308e-07,-1,2.25775e-08,1.75308e-07,-1,-1.86906e-15,-1,8.27842e-08,-1.86906e-15,-1,8.27842e-08,-1.86906e-15,-1,8.27842e-08,2.24287e-15,1,-8.27842e-08,2.24287e-15,1,-8.27842e-08,2.24287e-15,1,-8.27842e-08,1,-2.45431e-06,0,1,-2.45431e-06,0,1,-2.45431e-06,0,-9.03101e-09,-3.06789e-07,1,-9.03101e-09,-3.06789e-07,1,-9.03101e-09,-3.06789e-07,1,-1,-1.40246e-06,-2.31796e-06,-1,-1.40246e-06,-2.31796e-06,-1,-1.40246e-06,-2.31796e-06,2.7093e-08,2.19135e-07,-1,2.7093e-08,2.19135e-07,-1,2.7093e-08,2.19135e-07,-1],
                "type":"Float32Array"
            },
            "position":{
                "itemSize":3,
                "array":[1.65,-0.0168144,-0.18,1.65,-0.0168143,0.18,-1.65,-0.0168143,0.18,-1.65,0.323186,-0.18,-1.65,0.323186,0.18,1.65,0.323186,0.18,1.65,0.323186,-0.18,1.65,0.323186,0.18,1.65,-0.0168143,0.18,1.65,0.323186,0.18,-1.65,0.323186,0.18,-1.65,-0.0168143,0.18,-1.65,-0.0168143,0.18,-1.65,0.323186,0.18,-1.65,0.323186,-0.18,1.65,-0.0168144,-0.18,-1.65,-0.0168144,-0.18,-1.65,0.323186,-0.18,-1.65,-0.0168144,-0.18,1.65,-0.0168144,-0.18,-1.65,-0.0168143,0.18,1.65,0.323186,-0.18,-1.65,0.323186,-0.18,1.65,0.323186,0.18,1.65,-0.0168144,-0.18,1.65,0.323186,-0.18,1.65,-0.0168143,0.18,1.65,-0.0168143,0.18,1.65,0.323186,0.18,-1.65,-0.0168143,0.18,-1.65,-0.0168144,-0.18,-1.65,-0.0168143,0.18,-1.65,0.323186,-0.18,1.65,0.323186,-0.18,1.65,-0.0168144,-0.18,-1.65,0.323186,-0.18],
                "type":"Float32Array"
            }
        },
        "index":{
            "itemSize":1,
            "array":[0,1,2,3,4,5,6,7,8,9,10,11,12,13,14,15,16,17,18,19,20,21,22,23,24,25,26,27,28,29,30,31,32,33,34,35],
            "type":"Uint16Array"
        },
        "groups":[{
            "materialIndex":0,
            "count":36,
            "start":0
        }]
    },
    "metadata":{
        "normal":36,
        "type":"BufferGeometry",
        "generator":"io_three",
        "position":36,
        "version":3
    }
}